{
  "general": {
    "engines": 0,
    "volume": 0.24723246693611145,
    "useSoundMasterSource": false,
    "scanStepAmount": 100
  },
  "dimensions": {
    "nether": 1,
    "end": 1,
    "abyssalcraft": 1,
    "void": 1,
    "twilightforest": 1,
    "betweenlands": 1,
    "cave": 1,
    "midnight": 1,
    "galacticraft": 1,
    "galacticraft.planets": 1,
    "surface": 1
  },
  "regions": {
    "suspense": {
      "overall": 0.5018450021743774,
      "nether": 0.49815496802330017
    },
    "unknown": {
      "overall": 0.49815496802330017,
      "suspense": 0.49815496802330017
    },
    "dark": {
      "overall": 0.5018450021743774,
      "suspense": 0.5018450021743774
    },
    "deep": {
      "overall": 0.5018450021743774,
      "cave": 0.49815496802330017
    },
    "wind": {
      "overall": 0.49815496802330017,
      "wind": 0.5018450021743774
    },
    "underwater": {
      "overall": 1,
      "underwater": 1,
      "underwater-deep": 1
    },
    "rain": {
      "overall": 1,
      "rain": 1
    },
    "storm_close": {
      "overall": 1,
      "storm-close": 1,
      "wind": 1
    },
    "storm_away": {
      "overall": 1,
      "storm-away": 1,
      "howling-wind": 1
    },
    "underworld": {
      "overall": 0.5018450021743774,
      "underworld": 0.49815496802330017
    },
    "cave": {
      "overall": 0.5018450021743774
    },
    "cave_ambience": {
      "overall": 0.5018450021743774,
      "cave": 0.49815496802330017,
      "cave-water": 0.49815496802330017,
      "cave-deep": 0.49815496802330017,
      "cave-large": 0.49815496802330017
    },
    "cave_lush": {
      "overall": 0.5018450021743774,
      "cave-lush": 0.49815496802330017,
      "frog": 0.24723246693611145
    },
    "surface": {
      "overall": 1
    },
    "sky": {
      "overall": 1,
      "light-wind": 1
    },
    "space": {
      "overall": 1
    },
    "forest": {
      "overall": 1,
      "bird-ambience": 0.15129151940345764,
      "owl": 0.254612535238266
    },
    "forest_cold": {
      "overall": 1,
      "crow": 0.19557195901870728
    },
    "taiga": {
      "overall": 1,
      "bird-ambience-huge": 0.09963099658489227
    },
    "highland": {
      "overall": 1,
      "heavy-wind": 1,
      "wind-in-leaves": 1
    },
    "mesa": {
      "overall": 1,
      "wind-mesa": 1
    },
    "forest_roofed": {
      "overall": 1,
      "bird-ambience-spooky": 0.12915128469467163
    },
    "grass": {
      "overall": 1,
      "cricket": 0.10332103073596954,
      "cricket-night": 0.19926199316978455,
      "cicadas-night": 0.19926199316978455
    },
    "plains": {
      "overall": 1,
      "cricket": 0.095940962433815,
      "cricket-night": 0.19557195901870728,
      "cicadas-night": 0.19557195901870728
    },
    "savanna": {
      "overall": 1,
      "cricket": 0.09963099658489227,
      "cicadas": 0.20295202732086182,
      "cicadas-desert": 0.19926199316978455,
      "cricket-warm-night": 0.19926199316978455,
      "wolf": 0.19926199316978455,
      "bird-warm": 0.15129151940345764
    },
    "desert": {
      "overall": 1,
      "cicadas-desert": 0.2509225010871887,
      "light-wind": 1
    },
    "swamp": {
      "overall": 1,
      "cricket-swamp": 0.09963099658489227,
      "cricket-warm-night": 0.20295202732086182,
      "frog": 0.3468634784221649
    },
    "jungle": {
      "overall": 1,
      "cricket-jungle": 0.10332103073596954,
      "cricket-jungle-night": 0.19926199316978455,
      "bird-ambience-jungle": 0.20295202732086182,
      "bird-ambience-jungle-night": 0.20295202732086182
    },
    "cold": {
      "overall": 1,
      "light-wind": 0.7490774989128113
    },
    "beach": {
      "overall": 1,
      "beach": 1,
      "seagull": 0.2509225010871887,
      "seagull-long": 0.24723246693611145
    },
    "ocean": {
      "overall": 1,
      "ocean": 1,
      "light-wind": 1
    }
  },
  "fade-volume": 0.005,
  "fade-pitch": 0.005,
  "silent-dimensions": []
}